Terrain_Aspect,Burn_Treatment,Vegetation_Type,Thermo_Mid_Max,Thermo_Low_Max,Soil_Texture,Slope_Position,Horizon_Wet_Mass_g,Moisture_Index,Horizon_Dry_Mass_g,Horizon_Thickness_cm,Core_Wet_Mass_g,Core_Dry_Mass_g,Soil_pH,Total_Carbon_Percentage,Dry_Horizon_Mass_Loss_g,Horizon_Thickness_Loss_cm,Latitude,Leading_Vegetation_Species,Longitude
SSE,dry,Betula_papyrifera,298.4965,63.9395,sand,Middle,268.7351608,0.011655012,265.6030493,5,303.95,297.290105,5.41,0.843660414,3.613228139,0,60.035861,Betula_papyrifera,-113.4598175
NW,dry,Populus_tremuloides,449.498,80.1353,sandy loam,Lower,177.8,0.127462434,155.1371792,6,177.8,155.1371792,6.76,6.724472046,27.73914828,1,60.039176,Populus_tremuloides,-113.1781014
SSE,wet,Populus_tremuloides,39.6195,25.8943,sand,Middle,42.65,0.296268495,30.01414869,3.5,375.34,341.1617219,5.21,23.92676926,11.00409844,1,60.034861,Populus_tremuloides,-113.1243531
NW,dry,Pinus_contorta,320.5581,46.0235,sandy loam,Middle,18.56,0.031499013,17.97537832,3.5,291.54,309.8131086,7.45,2.865058661,-2.152310838,1,59.472984,Pinus_contorta,-112.5795827
NW,dry,Pinus_contorta,346.8191,75.3435,sandy loam,Middle,218.3969402,0.061181435,205.035102,4.5,262.83,244.0138042,3.86,0.992093503,0,0,59.461439,Pinus_contorta,-112.7412918
West,dry,Populus_tremuloides,131.0088,42.6562,clay loam,Upper,348.9901935,0.022202487,341.2417434,6,364.69,355.6737721,4.31,1.025709271,1.276312195,0,59.41061,Populus_tremuloides,-112.4716825
NW,wet,Pinus_contorta,26.1778,27.8796,sandy loam,Middle,50.62,0.350036823,32.90113602,5.5,229.78,199.9626877,3.76,40.36032867,10.66071319,1.2,59.472084,Pinus_contorta,-113.5700411
NW,dry,Populus_tremuloides,320.5581,46.0235,sandy loam,Middle,272.98,0.069080996,291.8377303,6.5,291.54,309.8131086,3.79,1.492272258,49.34172592,0,59.471984,Populus_tremuloides,-113.3889454
ESE,wet,Populus_tremuloides,28.6393,24.9915,sandy loam,Middle,133.69,0.324097057,90.36146444,5.822289157,133.69,90.36146444,5.12,22.2735424,17.77,1,59.462397,Populus_tremuloides,-112.6625383
SSE,dry,Abies_lasiocarpa,298.4965,63.9395,sand,Middle,35.21483924,0.100178891,31.6870557,5,303.95,297.290105,7.94,2.850503445,9.640670159,1.5,60.034961,Abies_lasiocarpa,-113.4291813
NW,dry,Populus_tremuloides,449.498,80.1353,sandy loam,Lower,177.8,0.127462434,155.1371792,6,177.8,155.1371792,6.76,6.724472046,27.73914828,1,60.039276,Populus_tremuloides,-112.7234527
West,dry,Pinus_contorta,131.0088,42.6562,clay loam,Upper,348.9901935,0.022202487,341.2417434,6,364.69,355.6737721,4.31,1.025709271,1.276312195,0,59.41061,Pinus_contorta,-112.6529419
NW,dry,Picea_glauca,320.5581,46.0235,sandy loam,Middle,18.56,0.031499013,17.97537832,3.5,291.54,309.8131086,7.45,2.865058661,-2.152310838,1,59.471994,Picea_glauca,-112.8226752
SSE,wet,Picea_glauca,39.6195,25.8943,sand,Middle,332.69,0.064752252,311.1475732,6.5,375.34,341.1617219,5.42,0.839808643,0,0,60.034861,Picea_glauca,-112.7229891
NW,wet,Picea_glauca,26.1778,27.8796,sandy loam,Middle,179.16,0.067528736,167.0615517,4.5,229.78,199.9626877,3.53,1.555209637,0,0,59.472984,Picea_glauca,-112.6631736
West,dry,Picea_glauca,131.0088,42.6562,clay loam,Upper,348.9901935,0.022202487,341.2417434,6,364.69,355.6737721,4.31,1.025709271,1.276312195,0,59.471994,Picea_glauca,-113.1995553
NW,wet,Betula_papyrifera,26.1778,27.8796,sandy loam,Middle,179.16,0.067528736,167.0615517,4.5,229.78,199.9626877,3.53,1.555209637,0,0,59.472111,Betula_papyrifera,-113.3986077
NW,dry,Pinus_contorta,449.498,80.1353,sandy loam,Lower,177.8,0.127462434,155.1371792,6,177.8,155.1371792,6.76,6.724472046,27.73914828,1,59.472002,Pinus_contorta,-112.7546299
S,wet,Picea_glauca,30.4327,25.8745,sandy loam,Level,185.9,0.232662138,142.6481086,5.822289157,185.9,142.6481086,5.14,7.921103001,7.192257786,0.5,59.472345,Picea_glauca,-113.155621
West,wet,Populus_tremuloides,31.8064,29.3401,clay loam,Upper,363.96,0.045891932,347.2571725,6,401.08,368.2813937,4.04,0.918253005,0,0,59.472484,Populus_tremuloides,-113.6170833
NW,dry,Populus_tremuloides,346.8191,75.3435,sandy loam,Middle,44.43305985,0.122754491,38.9787022,5.5,262.83,244.0138042,7.65,29.27008247,33.4429954,1.8,59.472584,Populus_tremuloides,-112.9392632
NW,wet,Abies_lasiocarpa,26.1778,27.8796,sandy loam,Middle,50.62,0.350036823,32.90113602,5.5,229.78,199.9626877,3.76,40.36032867,10.66071319,1.2,59.472304,Abies_lasiocarpa,-112.9142135
West,dry,Pinus_contorta,131.0088,42.6562,clay loam,Upper,348.9901935,0.022202487,341.2417434,6,364.69,355.6737721,4.31,1.025709271,1.276312195,0,59.472494,Pinus_contorta,-113.3763924
SSE,dry,Betula_papyrifera,298.4965,63.9395,sand,Middle,35.21483924,0.100178891,31.6870557,5,303.95,297.290105,7.94,2.850503445,9.640670159,1.5,59.471974,Betula_papyrifera,-112.9134764
NW,wet,Abies_lasiocarpa,34.0204,26.1759,sandy loam,Middle,264.9,0.043620502,253.3449291,5.5,309.43,296.6621073,3.87,2.373041391,0,0,59.471985,Abies_lasiocarpa,-112.6393442
SSE,dry,Populus_tremuloides,298.4965,63.9395,sand,Middle,268.7351608,0.011655012,265.6030493,5,303.95,297.290105,5.41,0.843660414,3.613228139,0,59.471983,Populus_tremuloides,-112.6001437
West,dry,Pinus_contorta,131.0088,42.6562,clay loam,Upper,348.9901935,0.022202487,341.2417434,6,364.69,355.6737721,4.31,1.025709271,1.276312195,0,59.471987,Pinus_contorta,-112.9147268
West,dry,Picea_glauca,131.0088,42.6562,clay loam,Upper,15.69980651,0.080751174,14.4320287,4,364.69,355.6737721,7.25,26.2627449,9.264482407,1.5,59.471988,Picea_glauca,-113.1043344
NW,wet,Betula_papyrifera,34.0204,26.1759,sandy loam,Middle,44.53,0.027236061,43.31717819,4.5,309.43,296.6621073,5.25,36.06827927,25.07027006,0.2,59.471989,Betula_papyrifera,-113.4409124
NW,dry,Betula_papyrifera,320.5581,46.0235,sandy loam,Middle,272.98,0.069080996,291.8377303,6.5,291.54,309.8131086,3.79,1.492272258,49.34172592,0,59.47199,Betula_papyrifera,-112.7691226
NW,dry,Picea_glauca,320.5581,46.0235,sandy loam,Middle,272.98,0.069080996,291.8377303,6.5,291.54,309.8131086,3.79,1.492272258,49.34172592,0,59.471991,Picea_glauca,-113.4345427
SSE,dry,Pinus_contorta,298.4965,63.9395,sand,Middle,268.7351608,0.011655012,265.6030493,5,303.95,297.290105,5.41,0.843660414,3.613228139,0,59.471994,Pinus_contorta,-112.5116466
SSE,dry,Pinus_contorta,298.4965,63.9395,sand,Middle,268.7351608,0.011655012,265.6030493,5,303.95,297.290105,5.41,0.843660414,3.613228139,0,59.471993,Pinus_contorta,-113.136159
NW,wet,Populus_tremuloides,34.0204,26.1759,sandy loam,Middle,44.53,0.027236061,43.31717819,4.5,309.43,296.6621073,5.25,36.06827927,25.07027006,0.2,59.471992,Populus_tremuloides,-113.5485058
SSE,wet,Picea_glauca,39.6195,25.8943,sand,Middle,332.69,0.064752252,311.1475732,6.5,375.34,341.1617219,5.42,0.839808643,0,0,59.471996,Picea_glauca,-113.3729308
West,wet,Abies_lasiocarpa,31.8064,29.3401,clay loam,Upper,363.96,0.045891932,347.2571725,6,401.08,368.2813937,4.04,0.918253005,0,0,59.471995,Abies_lasiocarpa,-112.5807429
West,dry,Pinus_contorta,131.0088,42.6562,clay loam,Upper,348.9901935,0.022202487,341.2417434,6,364.69,355.6737721,4.31,1.025709271,1.276312195,0,59.471997,Pinus_contorta,-112.8018085
NW,dry,Betula_papyrifera,346.8191,75.3435,sandy loam,Middle,44.43305985,0.122754491,38.9787022,5.5,262.83,244.0138042,7.65,29.27008247,33.4429954,1.8,59.471998,Betula_papyrifera,-113.5471765
NW,wet,Pinus_contorta,26.1778,27.8796,sandy loam,Middle,179.16,0.067528736,167.0615517,4.5,229.78,199.9626877,3.53,1.555209637,0,0,59.472001,Pinus_contorta,-113.5436899
NW,dry,Betula_papyrifera,346.8191,75.3435,sandy loam,Middle,218.3969402,0.061181435,205.035102,4.5,262.83,244.0138042,3.86,0.992093503,0,0,59.472004,Betula_papyrifera,-112.626523
NW,dry,Populus_tremuloides,320.5581,46.0235,sandy loam,Middle,272.98,0.069080996,291.8377303,6.5,291.54,309.8131086,3.79,1.492272258,49.34172592,0,59.47196,Populus_tremuloides,-113.1448725
SSE,dry,Populus_tremuloides,298.4965,63.9395,sand,Middle,35.21483924,0.100178891,31.6870557,5,303.95,297.290105,7.94,2.850503445,9.640670159,1.5,59.471961,Populus_tremuloides,-113.5047021
NW,wet,Abies_lasiocarpa,26.3093,26.3721,sandy loam,Lower,121.79,0.188956121,98.77703404,7,121.79,98.77703404,5.58,8.665203094,7.13702124,0.5,59.471962,Abies_lasiocarpa,-113.3455288
NW,dry,Betula_papyrifera,346.8191,75.3435,sandy loam,Middle,44.43305985,0.122754491,38.9787022,5.5,262.83,244.0138042,7.65,29.27008247,33.4429954,1.8,59.471963,Betula_papyrifera,-112.5119592
NW,dry,Picea_glauca,449.498,80.1353,sandy loam,Lower,177.8,0.127462434,155.1371792,6,177.8,155.1371792,6.76,6.724472046,27.73914828,1,59.471964,Picea_glauca,-112.5541437
NW,wet,Picea_glauca,34.0204,26.1759,sandy loam,Middle,264.9,0.043620502,253.3449291,5.5,309.43,296.6621073,3.87,2.373041391,0,0,59.471965,Picea_glauca,-112.4651559
NW,dry,Populus_tremuloides,346.8191,75.3435,sandy loam,Middle,218.3969402,0.061181435,205.035102,4.5,262.83,244.0138042,3.86,0.992093503,0,0,59.471966,Populus_tremuloides,-113.6068959
NW,dry,Abies_lasiocarpa,320.5581,46.0235,sandy loam,Middle,272.98,0.069080996,291.8377303,6.5,291.54,309.8131086,3.79,1.492272258,49.34172592,0,59.472284,Abies_lasiocarpa,-113.4740868
NW,wet,Picea_glauca,34.0204,26.1759,sandy loam,Middle,44.53,0.027236061,43.31717819,4.5,309.43,296.6621073,5.25,36.06827927,25.07027006,0.2,59.472384,Picea_glauca,-113.1212488
SSE,dry,Abies_lasiocarpa,298.4965,63.9395,sand,Middle,268.7351608,0.011655012,265.6030493,5,303.95,297.290105,5.41,0.843660414,3.613228139,0,59.472484,Abies_lasiocarpa,-113.4453451
West,wet,Betula_papyrifera,31.8064,29.3401,clay loam,Upper,363.96,0.045891932,347.2571725,6,401.08,368.2813937,4.04,0.918253005,0,0,59.472006,Betula_papyrifera,-113.3087816
NW,wet,Populus_tremuloides,26.3093,26.3721,sandy loam,Lower,121.79,0.188956121,98.77703404,7,121.79,98.77703404,5.58,8.665203094,7.13702124,0.5,59.472201,Populus_tremuloides,-112.8244016
NW,wet,Betula_papyrifera,34.0204,26.1759,sandy loam,Middle,44.53,0.027236061,43.31717819,4.5,309.43,296.6621073,5.25,36.06827927,25.07027006,0.2,59.471967,Betula_papyrifera,-113.0367585
ESE,dry,Picea_glauca,30.3138,27.6491,sandy loam,Middle,116.06,0.304609218,80.70705411,7,230.63,175.2273041,4.57,18.86455154,4.484525591,1,59.472584,Picea_glauca,-113.1117478
NW,wet,Populus_tremuloides,26.3093,26.3721,sandy loam,Lower,121.79,0.188956121,98.77703404,7,121.79,98.77703404,5.58,8.665203094,7.13702124,0.5,60.002154,Populus_tremuloides,-112.5536794
NW,wet,Populus_tremuloides,34.0204,26.1759,sandy loam,Middle,264.9,0.043620502,253.3449291,5.5,309.43,296.6621073,3.87,2.373041391,0,0,59.471968,Populus_tremuloides,-113.0548499
ESE,wet,Betula_papyrifera,28.6393,24.9915,sandy loam,Middle,133.69,0.324097057,90.36146444,5.822289157,133.69,90.36146444,5.12,22.2735424,17.77,1,60.007984,Betula_papyrifera,-113.6068088
NW,dry,Pinus_contorta,320.5581,46.0235,sandy loam,Middle,272.98,0.069080996,291.8377303,6.5,291.54,309.8131086,3.79,1.492272258,49.34172592,0,59.487194,Pinus_contorta,-112.8122904
NW,dry,Betula_papyrifera,346.8191,75.3435,sandy loam,Middle,44.43305985,0.122754491,38.9787022,5.5,262.83,244.0138042,7.65,29.27008247,33.4429954,1.8,59.488954,Betula_papyrifera,-112.8671803
NW,wet,Pinus_contorta,34.0204,26.1759,sandy loam,Middle,44.53,0.027236061,43.31717819,4.5,309.43,296.6621073,5.25,36.06827927,25.07027006,0.2,59.496981,Pinus_contorta,-113.2509624
NW,wet,Betula_papyrifera,26.1778,27.8796,sandy loam,Middle,179.16,0.067528736,167.0615517,4.5,229.78,199.9626877,3.53,1.555209637,0,0,59.476982,Betula_papyrifera,-113.3524587
NW,wet,Pinus_contorta,34.0204,26.1759,sandy loam,Middle,44.53,0.027236061,43.31717819,4.5,309.43,296.6621073,5.25,36.06827927,25.07027006,0.2,60.010084,Pinus_contorta,-113.4495614
S,wet,Picea_glauca,30.4327,25.8745,sandy loam,Level,185.9,0.232662138,142.6481086,5.822289157,185.9,142.6481086,5.14,7.921103001,7.192257786,0.5,59.471969,Picea_glauca,-112.5247938
SSE,wet,Abies_lasiocarpa,39.6195,25.8943,sand,Middle,42.65,0.296268495,30.01414869,3.5,375.34,341.1617219,5.21,23.92676926,11.00409844,1,59.473356,Abies_lasiocarpa,-113.2250022
NW,wet,Betula_papyrifera,26.3093,26.3721,sandy loam,Lower,121.79,0.188956121,98.77703404,7,121.79,98.77703404,5.58,8.665203094,7.13702124,0.5,59.474243,Betula_papyrifera,-113.0251654
NW,wet,Betula_papyrifera,34.0204,26.1759,sandy loam,Middle,264.9,0.043620502,253.3449291,5.5,309.43,296.6621073,3.87,2.373041391,0,0,59.482595,Betula_papyrifera,-112.9979624
S,wet,Picea_glauca,30.4327,25.8745,sandy loam,Level,185.9,0.232662138,142.6481086,5.822289157,185.9,142.6481086,5.14,7.921103001,7.192257786,0.5,59.47197,Picea_glauca,-113.3375961
SSE,dry,Picea_glauca,298.4965,63.9395,sand,Middle,268.7351608,0.011655012,265.6030493,5,303.95,297.290105,5.41,0.843660414,3.613228139,0,59.477891,Picea_glauca,-112.4972424
NW,wet,Abies_lasiocarpa,34.0204,26.1759,sandy loam,Middle,264.9,0.043620502,253.3449291,5.5,309.43,296.6621073,3.87,2.373041391,0,0,59.478763,Abies_lasiocarpa,-112.7353265
S,wet,Picea_glauca,30.4327,25.8745,sandy loam,Level,185.9,0.232662138,142.6481086,5.822289157,185.9,142.6481086,5.14,7.921103001,7.192257786,0.5,59.478045,Picea_glauca,-113.4200856
SSE,wet,Pinus_contorta,39.6195,25.8943,sand,Middle,332.69,0.064752252,311.1475732,6.5,375.34,341.1617219,5.42,0.839808643,0,0,59.495696,Pinus_contorta,-112.675651
NW,wet,Picea_glauca,26.1778,27.8796,sandy loam,Middle,50.62,0.350036823,32.90113602,5.5,229.78,199.9626877,3.76,40.36032867,10.66071319,1.2,60.000893,Picea_glauca,-112.5419694
West,wet,Pinus_contorta,31.8064,29.3401,clay loam,Upper,363.96,0.045891932,347.2571725,6,401.08,368.2813937,4.04,0.918253005,0,0,59.474532,Pinus_contorta,-113.5467718
West,wet,Populus_tremuloides,31.8064,29.3401,clay loam,Upper,363.96,0.045891932,347.2571725,6,401.08,368.2813937,4.04,0.918253005,0,0,59.483688,Populus_tremuloides,-112.8391694
NW,dry,Populus_tremuloides,320.5581,46.0235,sandy loam,Middle,272.98,0.069080996,291.8377303,6.5,291.54,309.8131086,3.79,1.492272258,49.34172592,0,60.000931,Populus_tremuloides,-113.0113833
SSE,dry,Pinus_contorta,298.4965,63.9395,sand,Middle,35.21483924,0.100178891,31.6870557,5,303.95,297.290105,7.94,2.850503445,9.640670159,1.5,59.472649,Pinus_contorta,-112.6707639
S,wet,Pinus_contorta,30.4327,25.8745,sandy loam,Level,185.9,0.232662138,142.6481086,5.822289157,185.9,142.6481086,5.14,7.921103001,7.192257786,0.5,59.492001,Pinus_contorta,-113.677312
NW,dry,Pinus_contorta,320.5581,46.0235,sandy loam,Middle,18.56,0.031499013,17.97537832,3.5,291.54,309.8131086,7.45,2.865058661,-2.152310838,1,59.498231,Pinus_contorta,-113.5332705
West,wet,Pinus_contorta,31.8064,29.3401,clay loam,Upper,363.96,0.045891932,347.2571725,6,401.08,368.2813937,4.04,0.918253005,0,0,59.482128,Pinus_contorta,-113.0407504
NW,dry,Picea_glauca,320.5581,46.0235,sandy loam,Middle,18.56,0.031499013,17.97537832,3.5,291.54,309.8131086,7.45,2.865058661,-2.152310838,1,59.472155,Picea_glauca,-112.7125284
S,dry,Picea_glauca,532.0989,51.84056566,sandy loam,Level,89.12,0.500190333,44.54303753,5.822289157,89.12,44.54303753,7.21,17.08057022,26.85185473,2.5,59.480094,Picea_glauca,-113.5821664
SSE,wet,Betula_papyrifera,39.6195,25.8943,sand,Middle,332.69,0.064752252,311.1475732,6.5,375.34,341.1617219,5.42,0.839808643,0,0,59.489912,Betula_papyrifera,-112.7463025
West,wet,Populus_tremuloides,31.8064,29.3401,clay loam,Upper,37.12,0.433614729,21.02422124,4,401.08,368.2813937,4.67,29.89411354,10.47576555,1.2,59.483905,Populus_tremuloides,-112.7497395
SSE,wet,Abies_lasiocarpa,39.6195,25.8943,sand,Middle,332.69,0.064752252,311.1475732,6.5,375.34,341.1617219,5.42,0.839808643,0,0,59.477899,Abies_lasiocarpa,-112.5033984
NW,dry,Abies_lasiocarpa,320.5581,46.0235,sandy loam,Middle,272.98,0.069080996,291.8377303,6.5,291.54,309.8131086,3.79,1.492272258,49.34172592,0,59.472972,Abies_lasiocarpa,-113.0943549
SSE,dry,Populus_tremuloides,298.4965,63.9395,sand,Middle,35.21483924,0.100178891,31.6870557,5,303.95,297.290105,7.94,2.850503445,9.640670159,1.5,59.472456,Populus_tremuloides,-113.1361371
West,dry,Picea_glauca,131.0088,42.6562,clay loam,Upper,348.9901935,0.022202487,341.2417434,6,364.69,355.6737721,4.31,1.025709271,1.276312195,0,59.472374,Picea_glauca,-112.8168877
NW,dry,Abies_lasiocarpa,346.8191,75.3435,sandy loam,Middle,218.3969402,0.061181435,205.035102,4.5,262.83,244.0138042,3.86,0.992093503,0,0,59.471984,Abies_lasiocarpa,-112.973538
SSE,wet,Pinus_contorta,39.6195,25.8943,sand,Middle,42.65,0.296268495,30.01414869,3.5,375.34,341.1617219,5.21,23.92676926,11.00409844,1,59.471984,Pinus_contorta,-113.046718
NW,dry,Abies_lasiocarpa,346.8191,75.3435,sandy loam,Middle,218.3969402,0.061181435,205.035102,4.5,262.83,244.0138042,3.86,0.992093503,0,0,59.471984,Abies_lasiocarpa,-112.6041163
S,dry,Pinus_contorta,532.0989,51.84056566,sandy loam,Level,89.12,0.500190333,44.54303753,5.822289157,89.12,44.54303753,7.21,17.08057022,26.85185473,2.5,59.471984,Pinus_contorta,-113.4115649
NW,dry,Populus_tremuloides,449.498,80.1353,sandy loam,Lower,177.8,0.127462434,155.1371792,6,177.8,155.1371792,6.76,6.724472046,27.73914828,1,59.471984,Populus_tremuloides,-112.6208365
NW,wet,Betula_papyrifera,34.0204,26.1759,sandy loam,Middle,264.9,0.043620502,253.3449291,5.5,309.43,296.6621073,3.87,2.373041391,0,0,59.471984,Betula_papyrifera,-113.0809028
West,dry,Pinus_contorta,131.0088,42.6562,clay loam,Upper,15.69980651,0.080751174,14.4320287,4,364.69,355.6737721,7.25,26.2627449,9.264482407,1.5,59.471984,Pinus_contorta,-112.9714719
NW,wet,Abies_lasiocarpa,34.0204,26.1759,sandy loam,Middle,264.9,0.043620502,253.3449291,5.5,309.43,296.6621073,3.87,2.373041391,0,0,59.471984,Abies_lasiocarpa,-112.7157218
NW,dry,Picea_glauca,320.5581,46.0235,sandy loam,Middle,272.98,0.069080996,291.8377303,6.5,291.54,309.8131086,3.79,1.492272258,49.34172592,0,59.471984,Picea_glauca,-113.5619659
SSE,wet,Betula_papyrifera,39.6195,25.8943,sand,Middle,332.69,0.064752252,311.1475732,6.5,375.34,341.1617219,5.42,0.839808643,0,0,59.471984,Betula_papyrifera,-112.982976
NW,wet,Populus_tremuloides,26.3093,26.3721,sandy loam,Lower,121.79,0.188956121,98.77703404,7,121.79,98.77703404,5.58,8.665203094,7.13702124,0.5,59.471984,Populus_tremuloides,-113.2549721
NW,wet,Populus_tremuloides,34.0204,26.1759,sandy loam,Middle,44.53,0.027236061,43.31717819,4.5,309.43,296.6621073,5.25,36.06827927,25.07027006,0.2,59.477101,Populus_tremuloides,-113.3912803
NW,wet,Picea_glauca,34.0204,26.1759,sandy loam,Middle,264.9,0.043620502,253.3449291,5.5,309.43,296.6621073,3.87,2.373041391,0,0,59.477202,Picea_glauca,-112.5295079
SSE,wet,Abies_lasiocarpa,39.6195,25.8943,sand,Middle,42.65,0.296268495,30.01414869,3.5,375.34,341.1617219,5.21,23.92676926,11.00409844,1,59.477391,Abies_lasiocarpa,-113.2810342
NW,dry,Abies_lasiocarpa,346.8191,75.3435,sandy loam,Middle,44.43305985,0.122754491,38.9787022,5.5,262.83,244.0138042,7.65,29.27008247,33.4429954,1.8,59.478184,Abies_lasiocarpa,-112.7606614
ESE,dry,Populus_tremuloides,30.3138,27.6491,sandy loam,Middle,116.06,0.304609218,80.70705411,7,230.63,175.2273041,4.57,18.86455154,4.484525591,1,59.478284,Populus_tremuloides,-113.0709836
NW,wet,Populus_tremuloides,26.1778,27.8796,sandy loam,Middle,179.16,0.067528736,167.0615517,4.5,229.78,199.9626877,3.53,1.555209637,0,0,59.471972,Populus_tremuloides,-112.9022472
NW,wet,Populus_tremuloides,34.0204,26.1759,sandy loam,Middle,44.53,0.027236061,43.31717819,4.5,309.43,296.6621073,5.25,36.06827927,25.07027006,0.2,59.478856,Populus_tremuloides,-112.4748803
SSE,wet,Pinus_contorta,39.6195,25.8943,sand,Middle,42.65,0.296268495,30.01414869,3.5,375.34,341.1617219,5.21,23.92676926,11.00409844,1,59.479396,Pinus_contorta,-112.6654758
ESE,wet,Pinus_contorta,28.6393,24.9915,sandy loam,Middle,133.69,0.324097057,90.36146444,5.822289157,133.69,90.36146444,5.12,22.2735424,17.77,1,59.477471,Pinus_contorta,-112.6618198
S,wet,Abies_lasiocarpa,30.4327,25.8745,sandy loam,Level,185.9,0.232662138,142.6481086,5.822289157,185.9,142.6481086,5.14,7.921103001,7.192257786,0.5,59.477522,Abies_lasiocarpa,-112.9497845
NW,wet,Betula_papyrifera,26.3093,26.3721,sandy loam,Lower,121.79,0.188956121,98.77703404,7,121.79,98.77703404,5.58,8.665203094,7.13702124,0.5,59.477964,Betula_papyrifera,-113.3082074
NW,dry,Picea_glauca,320.5581,46.0235,sandy loam,Middle,18.56,0.031499013,17.97537832,3.5,291.54,309.8131086,7.45,2.865058661,-2.152310838,1,59.477932,Picea_glauca,-113.1971424
ESE,wet,Pinus_contorta,28.6393,24.9915,sandy loam,Middle,133.69,0.324097057,90.36146444,5.822289157,133.69,90.36146444,5.12,22.2735424,17.77,1,59.478021,Pinus_contorta,-113.4979158
West,dry,Betula_papyrifera,131.0088,42.6562,clay loam,Upper,15.69980651,0.080751174,14.4320287,4,364.69,355.6737721,7.25,26.2627449,9.264482407,1.5,59.478398,Betula_papyrifera,-113.1331305
ESE,wet,Populus_tremuloides,28.6393,24.9915,sandy loam,Middle,133.69,0.324097057,90.36146444,5.822289157,133.69,90.36146444,5.12,22.2735424,17.77,1,59.478432,Populus_tremuloides,-112.8017304
West,dry,Betula_papyrifera,131.0088,42.6562,clay loam,Upper,348.9901935,0.022202487,341.2417434,6,364.69,355.6737721,4.31,1.025709271,1.276312195,0,60.009675,Betula_papyrifera,-112.6404086
NW,dry,Betula_papyrifera,449.498,80.1353,sandy loam,Lower,177.8,0.127462434,155.1371792,6,177.8,155.1371792,6.76,6.724472046,27.73914828,1,59.478523,Betula_papyrifera,-113.3113929
NW,wet,Populus_tremuloides,26.1778,27.8796,sandy loam,Middle,50.62,0.350036823,32.90113602,5.5,229.78,199.9626877,3.76,40.36032867,10.66071319,1.2,59.478643,Populus_tremuloides,-113.6327439
ESE,dry,Abies_lasiocarpa,30.3138,27.6491,sandy loam,Middle,116.06,0.304609218,80.70705411,7,230.63,175.2273041,4.57,18.86455154,4.484525591,1,59.478754,Abies_lasiocarpa,-112.8590974
NW,dry,Pinus_contorta,320.5581,46.0235,sandy loam,Middle,272.98,0.069080996,291.8377303,6.5,291.54,309.8131086,3.79,1.492272258,49.34172592,0,59.474512,Pinus_contorta,-112.5812846
NW,wet,Picea_glauca,26.3093,26.3721,sandy loam,Lower,121.79,0.188956121,98.77703404,7,121.79,98.77703404,5.58,8.665203094,7.13702124,0.5,59.478821,Picea_glauca,-112.6661226
West,wet,Betula_papyrifera,31.8064,29.3401,clay loam,Upper,37.12,0.433614729,21.02422124,4,401.08,368.2813937,4.67,29.89411354,10.47576555,1.2,59.478972,Betula_papyrifera,-113.1152789
SSE,wet,Populus_tremuloides,39.6195,25.8943,sand,Middle,42.65,0.296268495,30.01414869,3.5,375.34,341.1617219,5.21,23.92676926,11.00409844,1,59.479088,Populus_tremuloides,-113.452399
West,wet,Abies_lasiocarpa,31.8064,29.3401,clay loam,Upper,37.12,0.433614729,21.02422124,4,401.08,368.2813937,4.67,29.89411354,10.47576555,1.2,59.479184,Abies_lasiocarpa,-113.2376589
SSE,wet,Betula_papyrifera,39.6195,25.8943,sand,Middle,42.65,0.296268495,30.01414869,3.5,375.34,341.1617219,5.21,23.92676926,11.00409844,1,59.479232,Betula_papyrifera,-113.0609511
NW,wet,Pinus_contorta,26.1778,27.8796,sandy loam,Middle,179.16,0.067528736,167.0615517,4.5,229.78,199.9626877,3.53,1.555209637,0,0,59.479367,Pinus_contorta,-113.2726224
NW,wet,Populus_tremuloides,26.3093,26.3721,sandy loam,Lower,121.79,0.188956121,98.77703404,7,121.79,98.77703404,5.58,8.665203094,7.13702124,0.5,59.479432,Populus_tremuloides,-113.6739078
NW,wet,Betula_papyrifera,26.1778,27.8796,sandy loam,Middle,179.16,0.067528736,167.0615517,4.5,229.78,199.9626877,3.53,1.555209637,0,0,59.479811,Betula_papyrifera,-113.1809731
NW,wet,Abies_lasiocarpa,34.0204,26.1759,sandy loam,Middle,44.53,0.027236061,43.31717819,4.5,309.43,296.6621073,5.25,36.06827927,25.07027006,0.2,59.479607,Abies_lasiocarpa,-113.1011097
West,dry,Abies_lasiocarpa,131.0088,42.6562,clay loam,Upper,15.69980651,0.080751174,14.4320287,4,364.69,355.6737721,7.25,26.2627449,9.264482407,1.5,59.479743,Abies_lasiocarpa,-112.8592342
NW,dry,Picea_glauca,449.498,80.1353,sandy loam,Lower,177.8,0.127462434,155.1371792,6,177.8,155.1371792,6.76,6.724472046,27.73914828,1,59.479923,Picea_glauca,-112.9457389
NW,wet,Pinus_contorta,34.0204,26.1759,sandy loam,Middle,44.53,0.027236061,43.31717819,4.5,309.43,296.6621073,5.25,36.06827927,25.07027006,0.2,59.479966,Pinus_contorta,-112.6380034
NW,wet,Betula_papyrifera,26.1778,27.8796,sandy loam,Middle,179.16,0.067528736,167.0615517,4.5,229.78,199.9626877,3.53,1.555209637,0,0,59.479867,Betula_papyrifera,-113.5254234
SSE,dry,Abies_lasiocarpa,298.4965,63.9395,sand,Middle,268.7351608,0.011655012,265.6030493,5,303.95,297.290105,5.41,0.843660414,3.613228139,0,59.480001,Abies_lasiocarpa,-113.3761217
NW,wet,Betula_papyrifera,26.1778,27.8796,sandy loam,Middle,50.62,0.350036823,32.90113602,5.5,229.78,199.9626877,3.76,40.36032867,10.66071319,1.2,59.492561,Betula_papyrifera,-112.7891997
ESE,dry,Betula_papyrifera,30.3138,27.6491,sandy loam,Middle,116.06,0.304609218,80.70705411,7,230.63,175.2273041,4.57,18.86455154,4.484525591,1,59.481045,Betula_papyrifera,-112.8868953
NW,dry,Abies_lasiocarpa,346.8191,75.3435,sandy loam,Middle,44.43305985,0.122754491,38.9787022,5.5,262.83,244.0138042,7.65,29.27008247,33.4429954,1.8,59.489204,Abies_lasiocarpa,-113.3379883
West,wet,Abies_lasiocarpa,31.8064,29.3401,clay loam,Upper,363.96,0.045891932,347.2571725,6,401.08,368.2813937,4.04,0.918253005,0,0,60.001789,Abies_lasiocarpa,-113.577918
NW,dry,Abies_lasiocarpa,320.5581,46.0235,sandy loam,Middle,272.98,0.069080996,291.8377303,6.5,291.54,309.8131086,3.79,1.492272258,49.34172592,0,59.481194,Abies_lasiocarpa,-113.2808869
West,dry,Picea_glauca,131.0088,42.6562,clay loam,Upper,15.69980651,0.080751174,14.4320287,4,364.69,355.6737721,7.25,26.2627449,9.264482407,1.5,59.481231,Picea_glauca,-113.5190086
NW,dry,Betula_papyrifera,320.5581,46.0235,sandy loam,Middle,18.56,0.031499013,17.97537832,3.5,291.54,309.8131086,7.45,2.865058661,-2.152310838,1,59.481272,Betula_papyrifera,-112.7291633
SSE,dry,Abies_lasiocarpa,298.4965,63.9395,sand,Middle,268.7351608,0.011655012,265.6030493,5,303.95,297.290105,5.41,0.843660414,3.613228139,0,59.481389,Abies_lasiocarpa,-112.9566424
West,wet,Pinus_contorta,31.8064,29.3401,clay loam,Upper,37.12,0.433614729,21.02422124,4,401.08,368.2813937,4.67,29.89411354,10.47576555,1.2,59.481492,Pinus_contorta,-113.0822053
West,dry,Populus_tremuloides,131.0088,42.6562,clay loam,Upper,15.69980651,0.080751174,14.4320287,4,364.69,355.6737721,7.25,26.2627449,9.264482407,1.5,59.487412,Populus_tremuloides,-112.5646959
S,wet,Betula_papyrifera,30.4327,25.8745,sandy loam,Level,185.9,0.232662138,142.6481086,5.822289157,185.9,142.6481086,5.14,7.921103001,7.192257786,0.5,59.481569,Betula_papyrifera,-113.3183778
NW,wet,Picea_glauca,34.0204,26.1759,sandy loam,Middle,44.53,0.027236061,43.31717819,4.5,309.43,296.6621073,5.25,36.06827927,25.07027006,0.2,59.481631,Picea_glauca,-113.5245615
ESE,wet,Pinus_contorta,28.6393,24.9915,sandy loam,Middle,133.69,0.324097057,90.36146444,5.822289157,133.69,90.36146444,5.12,22.2735424,17.77,1,59.481789,Pinus_contorta,-113.5041501
SSE,dry,Populus_tremuloides,298.4965,63.9395,sand,Middle,35.21483924,0.100178891,31.6870557,5,303.95,297.290105,7.94,2.850503445,9.640670159,1.5,59.481884,Populus_tremuloides,-112.5525872
S,wet,Picea_glauca,30.4327,25.8745,sandy loam,Level,185.9,0.232662138,142.6481086,5.822289157,185.9,142.6481086,5.14,7.921103001,7.192257786,0.5,59.481962,Picea_glauca,-113.6262363
ESE,dry,Picea_glauca,30.3138,27.6491,sandy loam,Middle,116.06,0.304609218,80.70705411,7,230.63,175.2273041,4.57,18.86455154,4.484525591,1,59.482034,Picea_glauca,-112.9471384
NW,dry,Abies_lasiocarpa,320.5581,46.0235,sandy loam,Middle,272.98,0.069080996,291.8377303,6.5,291.54,309.8131086,3.79,1.492272258,49.34172592,0,59.485621,Abies_lasiocarpa,-112.5016469
NW,dry,Picea_glauca,320.5581,46.0235,sandy loam,Middle,272.98,0.069080996,291.8377303,6.5,291.54,309.8131086,3.79,1.492272258,49.34172592,0,59.482199,Picea_glauca,-112.6513143
NW,wet,Pinus_contorta,26.1778,27.8796,sandy loam,Middle,179.16,0.067528736,167.0615517,4.5,229.78,199.9626877,3.53,1.555209637,0,0,59.471976,Pinus_contorta,-113.55308
NW,dry,Picea_glauca,346.8191,75.3435,sandy loam,Middle,44.43305985,0.122754491,38.9787022,5.5,262.83,244.0138042,7.65,29.27008247,33.4429954,1.8,59.482243,Picea_glauca,-113.545321
West,dry,Picea_glauca,131.0088,42.6562,clay loam,Upper,348.9901935,0.022202487,341.2417434,6,364.69,355.6737721,4.31,1.025709271,1.276312195,0,59.480156,Picea_glauca,-113.0264731
West,dry,Populus_tremuloides,131.0088,42.6562,clay loam,Upper,348.9901935,0.022202487,341.2417434,6,364.69,355.6737721,4.31,1.025709271,1.276312195,0,59.480976,Populus_tremuloides,-113.6272771
West,dry,Abies_lasiocarpa,131.0088,42.6562,clay loam,Upper,15.69980651,0.080751174,14.4320287,4,364.69,355.6737721,7.25,26.2627449,9.264482407,1.5,59.482312,Abies_lasiocarpa,-113.1948889
NW,dry,Pinus_contorta,320.5581,46.0235,sandy loam,Middle,18.56,0.031499013,17.97537832,3.5,291.54,309.8131086,7.45,2.865058661,-2.152310838,1,59.482468,Pinus_contorta,-113.4717017
SSE,dry,Picea_glauca,298.4965,63.9395,sand,Middle,268.7351608,0.011655012,265.6030493,5,303.95,297.290105,5.41,0.843660414,3.613228139,0,59.482601,Picea_glauca,-113.663786
NW,dry,Abies_lasiocarpa,320.5581,46.0235,sandy loam,Middle,18.56,0.031499013,17.97537832,3.5,291.54,309.8131086,7.45,2.865058661,-2.152310838,1,59.482765,Abies_lasiocarpa,-112.8274832
ESE,dry,Abies_lasiocarpa,30.3138,27.6491,sandy loam,Middle,116.06,0.304609218,80.70705411,7,230.63,175.2273041,4.57,18.86455154,4.484525591,1,59.480907,Abies_lasiocarpa,-113.3434983
ESE,dry,Pinus_contorta,30.3138,27.6491,sandy loam,Middle,116.06,0.304609218,80.70705411,7,230.63,175.2273041,4.57,18.86455154,4.484525591,1,60.015679,Pinus_contorta,-112.8699014
ESE,dry,Betula_papyrifera,30.3138,27.6491,sandy loam,Middle,116.06,0.304609218,80.70705411,7,230.63,175.2273041,4.57,18.86455154,4.484525591,1,59.483411,Betula_papyrifera,-112.4837613
SSE,dry,Betula_papyrifera,298.4965,63.9395,sand,Middle,268.7351608,0.011655012,265.6030493,5,303.95,297.290105,5.41,0.843660414,3.613228139,0,59.482878,Betula_papyrifera,-113.1495407
NW,dry,Picea_glauca,449.498,80.1353,sandy loam,Lower,177.8,0.127462434,155.1371792,6,177.8,155.1371792,6.76,6.724472046,27.73914828,1,59.482932,Picea_glauca,-113.3270742
West,dry,Picea_glauca,131.0088,42.6562,clay loam,Upper,348.9901935,0.022202487,341.2417434,6,364.69,355.6737721,4.31,1.025709271,1.276312195,0,59.483003,Picea_glauca,-113.0899287
West,wet,Betula_papyrifera,31.8064,29.3401,clay loam,Upper,363.96,0.045891932,347.2571725,6,401.08,368.2813937,4.04,0.918253005,0,0,59.483167,Betula_papyrifera,-113.6474011
West,wet,Abies_lasiocarpa,31.8064,29.3401,clay loam,Upper,363.96,0.045891932,347.2571725,6,401.08,368.2813937,4.04,0.918253005,0,0,59.483391,Abies_lasiocarpa,-112.5459056
West,dry,Populus_tremuloides,131.0088,42.6562,clay loam,Upper,348.9901935,0.022202487,341.2417434,6,364.69,355.6737721,4.31,1.025709271,1.276312195,0,59.483478,Populus_tremuloides,-113.0950503
SSE,wet,Pinus_contorta,39.6195,25.8943,sand,Middle,42.65,0.296268495,30.01414869,3.5,375.34,341.1617219,5.21,23.92676926,11.00409844,1,59.483534,Pinus_contorta,-112.593557
NW,wet,Abies_lasiocarpa,26.3093,26.3721,sandy loam,Lower,121.79,0.188956121,98.77703404,7,121.79,98.77703404,5.58,8.665203094,7.13702124,0.5,59.484089,Abies_lasiocarpa,-112.6645037
West,wet,Populus_tremuloides,31.8064,29.3401,clay loam,Upper,37.12,0.433614729,21.02422124,4,401.08,368.2813937,4.67,29.89411354,10.47576555,1.2,59.484143,Populus_tremuloides,-113.4888129
West,wet,Betula_papyrifera,31.8064,29.3401,clay loam,Upper,37.12,0.433614729,21.02422124,4,401.08,368.2813937,4.67,29.89411354,10.47576555,1.2,59.949103,Betula_papyrifera,-113.6374108
West,dry,Betula_papyrifera,131.0088,42.6562,clay loam,Upper,348.9901935,0.022202487,341.2417434,6,364.69,355.6737721,4.31,1.025709271,1.276312195,0,59.859165,Betula_papyrifera,-112.499042
NW,dry,Populus_tremuloides,346.8191,75.3435,sandy loam,Middle,44.43305985,0.122754491,38.9787022,5.5,262.83,244.0138042,7.65,29.27008247,33.4429954,1.8,59.954949,Populus_tremuloides,-112.9919911
NW,dry,Pinus_contorta,346.8191,75.3435,sandy loam,Middle,218.3969402,0.061181435,205.035102,4.5,262.83,244.0138042,3.86,0.992093503,0,0,59.920488,Pinus_contorta,-113.1300445
West,dry,Picea_glauca,131.0088,42.6562,clay loam,Upper,15.69980651,0.080751174,14.4320287,4,364.69,355.6737721,7.25,26.2627449,9.264482407,1.5,59.603331,Picea_glauca,-112.9208536
S,dry,Picea_glauca,532.0989,51.84056566,sandy loam,Level,89.12,0.500190333,44.54303753,5.822289157,89.12,44.54303753,7.21,17.08057022,26.85185473,2.5,59.836619,Picea_glauca,-113.3379417
NW,dry,Betula_papyrifera,346.8191,75.3435,sandy loam,Middle,218.3969402,0.061181435,205.035102,4.5,262.83,244.0138042,3.86,0.992093503,0,0,59.802636,Betula_papyrifera,-113.1842711
NW,wet,Populus_tremuloides,34.0204,26.1759,sandy loam,Middle,264.9,0.043620502,253.3449291,5.5,309.43,296.6621073,3.87,2.373041391,0,0,59.832285,Populus_tremuloides,-112.7394921
S,dry,Abies_lasiocarpa,532.0989,51.84056566,sandy loam,Level,89.12,0.500190333,44.54303753,5.822289157,89.12,44.54303753,7.21,17.08057022,26.85185473,2.5,59.652113,Abies_lasiocarpa,-113.5312586
West,wet,Populus_tremuloides,31.8064,29.3401,clay loam,Upper,37.12,0.433614729,21.02422124,4,401.08,368.2813937,4.67,29.89411354,10.47576555,1.2,59.848885,Populus_tremuloides,-113.2358529
West,wet,Pinus_contorta,31.8064,29.3401,clay loam,Upper,37.12,0.433614729,21.02422124,4,401.08,368.2813937,4.67,29.89411354,10.47576555,1.2,59.566576,Pinus_contorta,-113.4107186
SSE,dry,Picea_glauca,298.4965,63.9395,sand,Middle,35.21483924,0.100178891,31.6870557,5,303.95,297.290105,7.94,2.850503445,9.640670159,1.5,59.991428,Picea_glauca,-113.2025554
S,wet,Populus_tremuloides,30.4327,25.8745,sandy loam,Level,185.9,0.232662138,142.6481086,5.822289157,185.9,142.6481086,5.14,7.921103001,7.192257786,0.5,59.759464,Populus_tremuloides,-113.0703809
NW,dry,Betula_papyrifera,320.5581,46.0235,sandy loam,Middle,272.98,0.069080996,291.8377303,6.5,291.54,309.8131086,3.79,1.492272258,49.34172592,0,59.953924,Betula_papyrifera,-112.5751928
NW,dry,Pinus_contorta,346.8191,75.3435,sandy loam,Middle,218.3969402,0.061181435,205.035102,4.5,262.83,244.0138042,3.86,0.992093503,0,0,59.801666,Pinus_contorta,-112.768311
SSE,wet,Betula_papyrifera,39.6195,25.8943,sand,Middle,332.69,0.064752252,311.1475732,6.5,375.34,341.1617219,5.42,0.839808643,0,0,60.004148,Betula_papyrifera,-112.4546374
West,dry,Populus_tremuloides,131.0088,42.6562,clay loam,Upper,348.9901935,0.022202487,341.2417434,6,364.69,355.6737721,4.31,1.025709271,1.276312195,0,59.996778,Populus_tremuloides,-113.3971458
NW,wet,Populus_tremuloides,26.1778,27.8796,sandy loam,Middle,179.16,0.067528736,167.0615517,4.5,229.78,199.9626877,3.53,1.555209637,0,0,59.511525,Populus_tremuloides,-113.6519288
West,dry,Pinus_contorta,131.0088,42.6562,clay loam,Upper,15.69980651,0.080751174,14.4320287,4,364.69,355.6737721,7.25,26.2627449,9.264482407,1.5,59.624544,Pinus_contorta,-113.466497
SSE,dry,Betula_papyrifera,298.4965,63.9395,sand,Middle,35.21483924,0.100178891,31.6870557,5,303.95,297.290105,7.94,2.850503445,9.640670159,1.5,59.687151,Betula_papyrifera,-112.6991699
NW,wet,Picea_glauca,26.1778,27.8796,sandy loam,Middle,50.62,0.350036823,32.90113602,5.5,229.78,199.9626877,3.76,40.36032867,10.66071319,1.2,59.851026,Picea_glauca,-112.956971
West,dry,Betula_papyrifera,131.0088,42.6562,clay loam,Upper,348.9901935,0.022202487,341.2417434,6,364.69,355.6737721,4.31,1.025709271,1.276312195,0,59.756015,Betula_papyrifera,-113.4620463
NW,wet,Pinus_contorta,26.1778,27.8796,sandy loam,Middle,179.16,0.067528736,167.0615517,4.5,229.78,199.9626877,3.53,1.555209637,0,0,59.471975,Pinus_contorta,-112.8741802
SSE,dry,Abies_lasiocarpa,298.4965,63.9395,sand,Middle,35.21483924,0.100178891,31.6870557,5,303.95,297.290105,7.94,2.850503445,9.640670159,1.5,59.699069,Abies_lasiocarpa,-113.1050206
NW,wet,Abies_lasiocarpa,26.1778,27.8796,sandy loam,Middle,50.62,0.350036823,32.90113602,5.5,229.78,199.9626877,3.76,40.36032867,10.66071319,1.2,59.524527,Abies_lasiocarpa,-113.2179031
ESE,dry,Abies_lasiocarpa,30.3138,27.6491,sandy loam,Middle,116.06,0.304609218,80.70705411,7,230.63,175.2273041,4.57,18.86455154,4.484525591,1,59.700637,Abies_lasiocarpa,-113.6248368
SSE,wet,Populus_tremuloides,39.6195,25.8943,sand,Middle,42.65,0.296268495,30.01414869,3.5,375.34,341.1617219,5.21,23.92676926,11.00409844,1,59.525389,Populus_tremuloides,-112.5368374
NW,dry,Picea_glauca,346.8191,75.3435,sandy loam,Middle,44.43305985,0.122754491,38.9787022,5.5,262.83,244.0138042,7.65,29.27008247,33.4429954,1.8,59.832179,Picea_glauca,-113.2549769
SSE,wet,Pinus_contorta,39.6195,25.8943,sand,Middle,42.65,0.296268495,30.01414869,3.5,375.34,341.1617219,5.21,23.92676926,11.00409844,1,59.546957,Pinus_contorta,-113.3401196
SSE,dry,Populus_tremuloides,298.4965,63.9395,sand,Middle,268.7351608,0.011655012,265.6030493,5,303.95,297.290105,5.41,0.843660414,3.613228139,0,59.890552,Populus_tremuloides,-112.6407681
S,wet,Populus_tremuloides,30.4327,25.8745,sandy loam,Level,185.9,0.232662138,142.6481086,5.822289157,185.9,142.6481086,5.14,7.921103001,7.192257786,0.5,59.998012,Populus_tremuloides,-112.8861707
ESE,wet,Betula_papyrifera,28.6393,24.9915,sandy loam,Middle,133.69,0.324097057,90.36146444,5.822289157,133.69,90.36146444,5.12,22.2735424,17.77,1,59.899947,Betula_papyrifera,-112.5641304
NW,wet,Pinus_contorta,26.3093,26.3721,sandy loam,Lower,121.79,0.188956121,98.77703404,7,121.79,98.77703404,5.58,8.665203094,7.13702124,0.5,59.913626,Pinus_contorta,-113.3464489
ESE,dry,Populus_tremuloides,30.3138,27.6491,sandy loam,Middle,116.06,0.304609218,80.70705411,7,230.63,175.2273041,4.57,18.86455154,4.484525591,1,59.886196,Populus_tremuloides,-112.7299173
West,dry,Pinus_contorta,131.0088,42.6562,clay loam,Upper,15.69980651,0.080751174,14.4320287,4,364.69,355.6737721,7.25,26.2627449,9.264482407,1.5,59.737755,Pinus_contorta,-112.7951635
S,wet,Abies_lasiocarpa,30.4327,25.8745,sandy loam,Level,185.9,0.232662138,142.6481086,5.822289157,185.9,142.6481086,5.14,7.921103001,7.192257786,0.5,59.793114,Abies_lasiocarpa,-112.5571545
West,dry,Abies_lasiocarpa,131.0088,42.6562,clay loam,Upper,348.9901935,0.022202487,341.2417434,6,364.69,355.6737721,4.31,1.025709271,1.276312195,0,59.773213,Abies_lasiocarpa,-113.6366484
SSE,dry,Populus_tremuloides,298.4965,63.9395,sand,Middle,268.7351608,0.011655012,265.6030493,5,303.95,297.290105,5.41,0.843660414,3.613228139,0,59.912896,Populus_tremuloides,-113.0486827
S,wet,Betula_papyrifera,30.4327,25.8745,sandy loam,Level,185.9,0.232662138,142.6481086,5.822289157,185.9,142.6481086,5.14,7.921103001,7.192257786,0.5,59.757438,Betula_papyrifera,-113.448733
NW,wet,Picea_glauca,34.0204,26.1759,sandy loam,Middle,44.53,0.027236061,43.31717819,4.5,309.43,296.6621073,5.25,36.06827927,25.07027006,0.2,59.629713,Picea_glauca,-112.5525934
SSE,dry,Betula_papyrifera,298.4965,63.9395,sand,Middle,35.21483924,0.100178891,31.6870557,5,303.95,297.290105,7.94,2.850503445,9.640670159,1.5,59.711303,Betula_papyrifera,-112.7591259
NW,wet,Betula_papyrifera,34.0204,26.1759,sandy loam,Middle,44.53,0.027236061,43.31717819,4.5,309.43,296.6621073,5.25,36.06827927,25.07027006,0.2,59.537922,Betula_papyrifera,-112.7097243
SSE,wet,Populus_tremuloides,39.6195,25.8943,sand,Middle,332.69,0.064752252,311.1475732,6.5,375.34,341.1617219,5.42,0.839808643,0,0,59.504113,Populus_tremuloides,-113.0182598
SSE,dry,Picea_glauca,298.4965,63.9395,sand,Middle,35.21483924,0.100178891,31.6870557,5,303.95,297.290105,7.94,2.850503445,9.640670159,1.5,59.523932,Picea_glauca,-113.22698
SSE,wet,Betula_papyrifera,39.6195,25.8943,sand,Middle,332.69,0.064752252,311.1475732,6.5,375.34,341.1617219,5.42,0.839808643,0,0,59.788183,Betula_papyrifera,-112.4933749
S,wet,Pinus_contorta,30.4327,25.8745,sandy loam,Level,185.9,0.232662138,142.6481086,5.822289157,185.9,142.6481086,5.14,7.921103001,7.192257786,0.5,59.835045,Pinus_contorta,-112.7896543
West,wet,Pinus_contorta,31.8064,29.3401,clay loam,Upper,37.12,0.433614729,21.02422124,4,401.08,368.2813937,4.67,29.89411354,10.47576555,1.2,59.760649,Pinus_contorta,-113.1413467
West,dry,Abies_lasiocarpa,131.0088,42.6562,clay loam,Upper,348.9901935,0.022202487,341.2417434,6,364.69,355.6737721,4.31,1.025709271,1.276312195,0,59.921811,Abies_lasiocarpa,-113.0549544
West,wet,Pinus_contorta,31.8064,29.3401,clay loam,Upper,37.12,0.433614729,21.02422124,4,401.08,368.2813937,4.67,29.89411354,10.47576555,1.2,59.932664,Pinus_contorta,-113.5245748
SSE,dry,Picea_glauca,298.4965,63.9395,sand,Middle,268.7351608,0.011655012,265.6030493,5,303.95,297.290105,5.41,0.843660414,3.613228139,0,59.671017,Picea_glauca,-113.498643
S,dry,Picea_glauca,532.0989,51.84056566,sandy loam,Level,89.12,0.500190333,44.54303753,5.822289157,89.12,44.54303753,7.21,17.08057022,26.85185473,2.5,60.000937,Picea_glauca,-113.0480447
NW,wet,Populus_tremuloides,34.0204,26.1759,sandy loam,Middle,264.9,0.043620502,253.3449291,5.5,309.43,296.6621073,3.87,2.373041391,0,0,59.764624,Populus_tremuloides,-112.9757534
NW,dry,Betula_papyrifera,449.498,80.1353,sandy loam,Lower,177.8,0.127462434,155.1371792,6,177.8,155.1371792,6.76,6.724472046,27.73914828,1,59.842161,Betula_papyrifera,-113.1586491
West,wet,Populus_tremuloides,31.8064,29.3401,clay loam,Upper,37.12,0.433614729,21.02422124,4,401.08,368.2813937,4.67,29.89411354,10.47576555,1.2,59.674861,Populus_tremuloides,-112.7877421
West,dry,Betula_papyrifera,131.0088,42.6562,clay loam,Upper,348.9901935,0.022202487,341.2417434,6,364.69,355.6737721,4.31,1.025709271,1.276312195,0,59.836405,Betula_papyrifera,-112.5732227
NW,dry,Betula_papyrifera,320.5581,46.0235,sandy loam,Middle,272.98,0.069080996,291.8377303,6.5,291.54,309.8131086,3.79,1.492272258,49.34172592,0,59.973945,Betula_papyrifera,-112.6219726
NW,dry,Betula_papyrifera,449.498,80.1353,sandy loam,Lower,177.8,0.127462434,155.1371792,6,177.8,155.1371792,6.76,6.724472046,27.73914828,1,60.009534,Betula_papyrifera,-112.5180791
NW,wet,Abies_lasiocarpa,26.1778,27.8796,sandy loam,Middle,50.62,0.350036823,32.90113602,5.5,229.78,199.9626877,3.76,40.36032867,10.66071319,1.2,59.801826,Abies_lasiocarpa,-112.6291065
NW,dry,Pinus_contorta,320.5581,46.0235,sandy loam,Middle,18.56,0.031499013,17.97537832,3.5,291.54,309.8131086,7.45,2.865058661,-2.152310838,1,59.750444,Pinus_contorta,-113.1268283
West,wet,Picea_glauca,31.8064,29.3401,clay loam,Upper,363.96,0.045891932,347.2571725,6,401.08,368.2813937,4.04,0.918253005,0,0,59.927374,Picea_glauca,-112.5147389
NW,wet,Abies_lasiocarpa,34.0204,26.1759,sandy loam,Middle,44.53,0.027236061,43.31717819,4.5,309.43,296.6621073,5.25,36.06827927,25.07027006,0.2,59.810245,Abies_lasiocarpa,-113.5210491
NW,wet,Betula_papyrifera,26.3093,26.3721,sandy loam,Lower,121.79,0.188956121,98.77703404,7,121.79,98.77703404,5.58,8.665203094,7.13702124,0.5,59.797145,Betula_papyrifera,-113.3820829
ESE,wet,Picea_glauca,28.6393,24.9915,sandy loam,Middle,133.69,0.324097057,90.36146444,5.822289157,133.69,90.36146444,5.12,22.2735424,17.77,1,59.57629,Picea_glauca,-113.3917008
SSE,dry,Picea_glauca,298.4965,63.9395,sand,Middle,35.21483924,0.100178891,31.6870557,5,303.95,297.290105,7.94,2.850503445,9.640670159,1.5,59.869097,Picea_glauca,-112.7998796
SSE,wet,Populus_tremuloides,39.6195,25.8943,sand,Middle,332.69,0.064752252,311.1475732,6.5,375.34,341.1617219,5.42,0.839808643,0,0,59.562816,Populus_tremuloides,-113.5570131
SSE,dry,Populus_tremuloides,298.4965,63.9395,sand,Middle,268.7351608,0.011655012,265.6030493,5,303.95,297.290105,5.41,0.843660414,3.613228139,0,59.525366,Populus_tremuloides,-113.0700915
West,dry,Picea_glauca,131.0088,42.6562,clay loam,Upper,15.69980651,0.080751174,14.4320287,4,364.69,355.6737721,7.25,26.2627449,9.264482407,1.5,59.914086,Picea_glauca,-112.7400403
NW,wet,Pinus_contorta,34.0204,26.1759,sandy loam,Middle,44.53,0.027236061,43.31717819,4.5,309.43,296.6621073,5.25,36.06827927,25.07027006,0.2,59.76535,Pinus_contorta,-113.1272776
NW,dry,Abies_lasiocarpa,346.8191,75.3435,sandy loam,Middle,44.43305985,0.122754491,38.9787022,5.5,262.83,244.0138042,7.65,29.27008247,33.4429954,1.8,59.654214,Abies_lasiocarpa,-113.6644482
NW,dry,Picea_glauca,320.5581,46.0235,sandy loam,Middle,272.98,0.069080996,291.8377303,6.5,291.54,309.8131086,3.79,1.492272258,49.34172592,0,59.652662,Picea_glauca,-112.6687556
NW,wet,Abies_lasiocarpa,34.0204,26.1759,sandy loam,Middle,264.9,0.043620502,253.3449291,5.5,309.43,296.6621073,3.87,2.373041391,0,0,59.48832,Abies_lasiocarpa,-113.564403
SSE,dry,Pinus_contorta,298.4965,63.9395,sand,Middle,35.21483924,0.100178891,31.6870557,5,303.95,297.290105,7.94,2.850503445,9.640670159,1.5,59.472004,Pinus_contorta,-112.6224503
NW,wet,Populus_tremuloides,26.3093,26.3721,sandy loam,Lower,121.79,0.188956121,98.77703404,7,121.79,98.77703404,5.58,8.665203094,7.13702124,0.5,60.0036,Populus_tremuloides,-113.6066815
NW,dry,Populus_tremuloides,346.8191,75.3435,sandy loam,Middle,44.43305985,0.122754491,38.9787022,5.5,262.83,244.0138042,7.65,29.27008247,33.4429954,1.8,59.846125,Populus_tremuloides,-113.0307469
West,dry,Populus_tremuloides,131.0088,42.6562,clay loam,Upper,15.69980651,0.080751174,14.4320287,4,364.69,355.6737721,7.25,26.2627449,9.264482407,1.5,59.699857,Populus_tremuloides,-113.6660197
ESE,wet,Picea_glauca,28.6393,24.9915,sandy loam,Middle,133.69,0.324097057,90.36146444,5.822289157,133.69,90.36146444,5.12,22.2735424,17.77,1,60.029836,Picea_glauca,-112.9932328
West,wet,Abies_lasiocarpa,31.8064,29.3401,clay loam,Upper,363.96,0.045891932,347.2571725,6,401.08,368.2813937,4.04,0.918253005,0,0,59.927374,Abies_lasiocarpa,-113.4780428
S,wet,Populus_tremuloides,30.4327,25.8745,sandy loam,Level,185.9,0.232662138,142.6481086,5.822289157,185.9,142.6481086,5.14,7.921103001,7.192257786,0.5,59.869097,Populus_tremuloides,-112.8355445
NW,dry,Abies_lasiocarpa,346.8191,75.3435,sandy loam,Middle,218.3969402,0.061181435,205.035102,4.5,262.83,244.0138042,3.86,0.992093503,0,0,59.562816,Abies_lasiocarpa,-113.0857823
ESE,wet,Picea_glauca,28.6393,24.9915,sandy loam,Middle,133.69,0.324097057,90.36146444,5.822289157,133.69,90.36146444,5.12,22.2735424,17.77,1,59.525366,Picea_glauca,-113.0034356
NW,dry,Populus_tremuloides,320.5581,46.0235,sandy loam,Middle,272.98,0.069080996,291.8377303,6.5,291.54,309.8131086,3.79,1.492272258,49.34172592,0,59.914086,Populus_tremuloides,-112.9808291
NW,dry,Populus_tremuloides,346.8191,75.3435,sandy loam,Middle,44.43305985,0.122754491,38.9787022,5.5,262.83,244.0138042,7.65,29.27008247,33.4429954,1.8,59.76535,Populus_tremuloides,-113.5872609
West,dry,Populus_tremuloides,131.0088,42.6562,clay loam,Upper,348.9901935,0.022202487,341.2417434,6,364.69,355.6737721,4.31,1.025709271,1.276312195,0,59.654214,Populus_tremuloides,-113.2974454
West,dry,Populus_tremuloides,131.0088,42.6562,clay loam,Upper,15.69980651,0.080751174,14.4320287,4,364.69,355.6737721,7.25,26.2627449,9.264482407,1.5,59.652646,Populus_tremuloides,-113.2693141
ESE,wet,Picea_glauca,28.6393,24.9915,sandy loam,Middle,133.69,0.324097057,90.36146444,5.822289157,133.69,90.36146444,5.12,22.2735424,17.77,1,59.488328,Picea_glauca,-113.4352077
West,wet,Abies_lasiocarpa,31.8064,29.3401,clay loam,Upper,37.12,0.433614729,21.02422124,4,401.08,368.2813937,4.67,29.89411354,10.47576555,1.2,59.926986,Abies_lasiocarpa,-113.6385223
NW,wet,Pinus_contorta,26.1778,27.8796,sandy loam,Middle,50.62,0.350036823,32.90113602,5.5,229.78,199.9626877,3.76,40.36032867,10.66071319,1.2,59.762536,Pinus_contorta,-112.4503359
NW,wet,Populus_tremuloides,26.1778,27.8796,sandy loam,Middle,179.16,0.067528736,167.0615517,4.5,229.78,199.9626877,3.53,1.555209637,0,0,59.688831,Populus_tremuloides,-112.5409137
SSE,dry,Abies_lasiocarpa,298.4965,63.9395,sand,Middle,268.7351608,0.011655012,265.6030493,5,303.95,297.290105,5.41,0.843660414,3.613228139,0,59.831999,Abies_lasiocarpa,-112.6135164
NW,dry,Pinus_contorta,320.5581,46.0235,sandy loam,Middle,272.98,0.069080996,291.8377303,6.5,291.54,309.8131086,3.79,1.492272258,49.34172592,0,59.886866,Pinus_contorta,-112.8077084
ESE,dry,Populus_tremuloides,30.3138,27.6491,sandy loam,Middle,116.06,0.304609218,80.70705411,7,230.63,175.2273041,4.57,18.86455154,4.484525591,1,59.679172,Populus_tremuloides,-112.5246825
NW,dry,Picea_glauca,346.8191,75.3435,sandy loam,Middle,218.3969402,0.061181435,205.035102,4.5,262.83,244.0138042,3.86,0.992093503,0,0,60.02983,Picea_glauca,-113.1378684
NW,dry,Betula_papyrifera,320.5581,46.0235,sandy loam,Middle,272.98,0.069080996,291.8377303,6.5,291.54,309.8131086,3.79,1.492272258,49.34172592,0,59.680335,Betula_papyrifera,-112.979745
West,dry,Populus_tremuloides,131.0088,42.6562,clay loam,Upper,15.69980651,0.080751174,14.4320287,4,364.69,355.6737721,7.25,26.2627449,9.264482407,1.5,59.612103,Populus_tremuloides,-112.6129407
S,dry,Pinus_contorta,532.0989,51.84056566,sandy loam,Level,89.12,0.500190333,44.54303753,5.822289157,89.12,44.54303753,7.21,17.08057022,26.85185473,2.5,59.545395,Pinus_contorta,-112.9945082
SSE,dry,Pinus_contorta,298.4965,63.9395,sand,Middle,268.7351608,0.011655012,265.6030493,5,303.95,297.290105,5.41,0.843660414,3.613228139,0,59.476811,Pinus_contorta,-113.4318438
West,dry,Betula_papyrifera,131.0088,42.6562,clay loam,Upper,348.9901935,0.022202487,341.2417434,6,364.69,355.6737721,4.31,1.025709271,1.276312195,0,59.476697,Betula_papyrifera,-112.8712307
NW,wet,Pinus_contorta,34.0204,26.1759,sandy loam,Middle,264.9,0.043620502,253.3449291,5.5,309.43,296.6621073,3.87,2.373041391,0,0,59.476532,Pinus_contorta,-112.9055356
West,dry,Abies_lasiocarpa,131.0088,42.6562,clay loam,Upper,15.69980651,0.080751174,14.4320287,4,364.69,355.6737721,7.25,26.2627449,9.264482407,1.5,59.476723,Abies_lasiocarpa,-112.4762888
West,wet,Betula_papyrifera,31.8064,29.3401,clay loam,Upper,363.96,0.045891932,347.2571725,6,401.08,368.2813937,4.04,0.918253005,0,0,59.471977,Betula_papyrifera,-112.8594887
West,wet,Pinus_contorta,31.8064,29.3401,clay loam,Upper,363.96,0.045891932,347.2571725,6,401.08,368.2813937,4.04,0.918253005,0,0,59.476452,Pinus_contorta,-113.283555
SSE,wet,Picea_glauca,39.6195,25.8943,sand,Middle,332.69,0.064752252,311.1475732,6.5,375.34,341.1617219,5.42,0.839808643,0,0,59.476379,Picea_glauca,-112.5729941
NW,dry,Betula_papyrifera,320.5581,46.0235,sandy loam,Middle,18.56,0.031499013,17.97537832,3.5,291.54,309.8131086,7.45,2.865058661,-2.152310838,1,59.476284,Betula_papyrifera,-113.2650932
ESE,dry,Betula_papyrifera,30.3138,27.6491,sandy loam,Middle,116.06,0.304609218,80.70705411,7,230.63,175.2273041,4.57,18.86455154,4.484525591,1,59.476121,Betula_papyrifera,-112.5160643
SSE,dry,Betula_papyrifera,298.4965,63.9395,sand,Middle,268.7351608,0.011655012,265.6030493,5,303.95,297.290105,5.41,0.843660414,3.613228139,0,59.481178,Betula_papyrifera,-113.0897496
SSE,wet,Pinus_contorta,39.6195,25.8943,sand,Middle,332.69,0.064752252,311.1475732,6.5,375.34,341.1617219,5.42,0.839808643,0,0,59.476977,Pinus_contorta,-112.8155269
ESE,dry,Picea_glauca,30.3138,27.6491,sandy loam,Middle,116.06,0.304609218,80.70705411,7,230.63,175.2273041,4.57,18.86455154,4.484525591,1,59.476812,Picea_glauca,-112.5195359
NW,wet,Populus_tremuloides,26.1778,27.8796,sandy loam,Middle,50.62,0.350036823,32.90113602,5.5,229.78,199.9626877,3.76,40.36032867,10.66071319,1.2,59.476746,Populus_tremuloides,-113.5412463
S,dry,Betula_papyrifera,532.0989,51.84056566,sandy loam,Level,89.12,0.500190333,44.54303753,5.822289157,89.12,44.54303753,7.21,17.08057022,26.85185473,2.5,59.486707,Betula_papyrifera,-112.8748981
West,wet,Populus_tremuloides,31.8064,29.3401,clay loam,Upper,363.96,0.045891932,347.2571725,6,401.08,368.2813937,4.04,0.918253005,0,0,59.475862,Populus_tremuloides,-113.5459037
SSE,wet,Pinus_contorta,39.6195,25.8943,sand,Middle,332.69,0.064752252,311.1475732,6.5,375.34,341.1617219,5.42,0.839808643,0,0,59.475754,Pinus_contorta,-113.616522
SSE,wet,Abies_lasiocarpa,39.6195,25.8943,sand,Middle,42.65,0.296268495,30.01414869,3.5,375.34,341.1617219,5.21,23.92676926,11.00409844,1,59.475689,Abies_lasiocarpa,-112.4629193
NW,wet,Populus_tremuloides,26.1778,27.8796,sandy loam,Middle,50.62,0.350036823,32.90113602,5.5,229.78,199.9626877,3.76,40.36032867,10.66071319,1.2,59.475574,Populus_tremuloides,-113.4229375
NW,dry,Picea_glauca,320.5581,46.0235,sandy loam,Middle,18.56,0.031499013,17.97537832,3.5,291.54,309.8131086,7.45,2.865058661,-2.152310838,1,59.483678,Picea_glauca,-113.2514344
NW,dry,Populus_tremuloides,449.498,80.1353,sandy loam,Lower,177.8,0.127462434,155.1371792,6,177.8,155.1371792,6.76,6.724472046,27.73914828,1,59.476945,Populus_tremuloides,-113.2390029
SSE,wet,Pinus_contorta,39.6195,25.8943,sand,Middle,42.65,0.296268495,30.01414869,3.5,375.34,341.1617219,5.21,23.92676926,11.00409844,1,59.475445,Pinus_contorta,-113.630225
S,wet,Betula_papyrifera,30.4327,25.8745,sandy loam,Level,185.9,0.232662138,142.6481086,5.822289157,185.9,142.6481086,5.14,7.921103001,7.192257786,0.5,59.475367,Betula_papyrifera,-112.7540622
S,dry,Populus_tremuloides,532.0989,51.84056566,sandy loam,Level,89.12,0.500190333,44.54303753,5.822289157,89.12,44.54303753,7.21,17.08057022,26.85185473,2.5,59.475822,Populus_tremuloides,-113.2608936
NW,wet,Pinus_contorta,34.0204,26.1759,sandy loam,Middle,264.9,0.043620502,253.3449291,5.5,309.43,296.6621073,3.87,2.373041391,0,0,59.475934,Pinus_contorta,-113.3859699
West,dry,Abies_lasiocarpa,131.0088,42.6562,clay loam,Upper,15.69980651,0.080751174,14.4320287,4,364.69,355.6737721,7.25,26.2627449,9.264482407,1.5,59.475287,Abies_lasiocarpa,-112.5202203
ESE,dry,Betula_papyrifera,30.3138,27.6491,sandy loam,Middle,116.06,0.304609218,80.70705411,7,230.63,175.2273041,4.57,18.86455154,4.484525591,1,59.475121,Betula_papyrifera,-112.9321745
NW,dry,Pinus_contorta,449.498,80.1353,sandy loam,Lower,177.8,0.127462434,155.1371792,6,177.8,155.1371792,6.76,6.724472046,27.73914828,1,59.475024,Pinus_contorta,-112.7598057
NW,dry,Populus_tremuloides,320.5581,46.0235,sandy loam,Middle,18.56,0.031499013,17.97537832,3.5,291.54,309.8131086,7.45,2.865058661,-2.152310838,1,59.474955,Populus_tremuloides,-113.611817
NW,wet,Abies_lasiocarpa,26.3093,26.3721,sandy loam,Lower,121.79,0.188956121,98.77703404,7,121.79,98.77703404,5.58,8.665203094,7.13702124,0.5,59.474828,Abies_lasiocarpa,-113.6258187
NW,dry,Pinus_contorta,320.5581,46.0235,sandy loam,Middle,18.56,0.031499013,17.97537832,3.5,291.54,309.8131086,7.45,2.865058661,-2.152310838,1,59.474712,Pinus_contorta,-113.2796587
ESE,wet,Betula_papyrifera,28.6393,24.9915,sandy loam,Middle,133.69,0.324097057,90.36146444,5.822289157,133.69,90.36146444,5.12,22.2735424,17.77,1,59.474399,Betula_papyrifera,-113.4359022
SSE,wet,Pinus_contorta,39.6195,25.8943,sand,Middle,332.69,0.064752252,311.1475732,6.5,375.34,341.1617219,5.42,0.839808643,0,0,59.474297,Pinus_contorta,-113.2144198
NW,dry,Populus_tremuloides,320.5581,46.0235,sandy loam,Middle,18.56,0.031499013,17.97537832,3.5,291.54,309.8131086,7.45,2.865058661,-2.152310838,1,59.474488,Populus_tremuloides,-113.6130701
SSE,dry,Populus_tremuloides,298.4965,63.9395,sand,Middle,268.7351608,0.011655012,265.6030493,5,303.95,297.290105,5.41,0.843660414,3.613228139,0,59.474176,Populus_tremuloides,-113.5861705
NW,wet,Populus_tremuloides,26.1778,27.8796,sandy loam,Middle,50.62,0.350036823,32.90113602,5.5,229.78,199.9626877,3.76,40.36032867,10.66071319,1.2,59.475689,Populus_tremuloides,-113.5444926
NW,dry,Picea_glauca,346.8191,75.3435,sandy loam,Middle,218.3969402,0.061181435,205.035102,4.5,262.83,244.0138042,3.86,0.992093503,0,0,59.474878,Picea_glauca,-112.7371566
West,dry,Abies_lasiocarpa,131.0088,42.6562,clay loam,Upper,348.9901935,0.022202487,341.2417434,6,364.69,355.6737721,4.31,1.025709271,1.276312195,0,59.474922,Abies_lasiocarpa,-112.543341
S,dry,Betula_papyrifera,532.0989,51.84056566,sandy loam,Level,89.12,0.500190333,44.54303753,5.822289157,89.12,44.54303753,7.21,17.08057022,26.85185473,2.5,59.476745,Betula_papyrifera,-113.2066833
NW,dry,Abies_lasiocarpa,449.498,80.1353,sandy loam,Lower,177.8,0.127462434,155.1371792,6,177.8,155.1371792,6.76,6.724472046,27.73914828,1,59.473911,Abies_lasiocarpa,-113.1925017
SSE,dry,Pinus_contorta,298.4965,63.9395,sand,Middle,35.21483924,0.100178891,31.6870557,5,303.95,297.290105,7.94,2.850503445,9.640670159,1.5,59.473774,Pinus_contorta,-112.9793454
NW,dry,Abies_lasiocarpa,320.5581,46.0235,sandy loam,Middle,18.56,0.031499013,17.97537832,3.5,291.54,309.8131086,7.45,2.865058661,-2.152310838,1,59.473669,Abies_lasiocarpa,-113.456807
NW,dry,Pinus_contorta,449.498,80.1353,sandy loam,Lower,177.8,0.127462434,155.1371792,6,177.8,155.1371792,6.76,6.724472046,27.73914828,1,59.473876,Pinus_contorta,-113.480515
NW,dry,Populus_tremuloides,346.8191,75.3435,sandy loam,Middle,44.43305985,0.122754491,38.9787022,5.5,262.83,244.0138042,7.65,29.27008247,33.4429954,1.8,59.473598,Populus_tremuloides,-112.7569679
SSE,wet,Abies_lasiocarpa,39.6195,25.8943,sand,Middle,332.69,0.064752252,311.1475732,6.5,375.34,341.1617219,5.42,0.839808643,0,0,59.473304,Abies_lasiocarpa,-112.4706642
NW,dry,Populus_tremuloides,346.8191,75.3435,sandy loam,Middle,218.3969402,0.061181435,205.035102,4.5,262.83,244.0138042,3.86,0.992093503,0,0,59.473684,Populus_tremuloides,-113.4733399
NW,dry,Picea_glauca,320.5581,46.0235,sandy loam,Middle,18.56,0.031499013,17.97537832,3.5,291.54,309.8131086,7.45,2.865058661,-2.152310838,1,59.473484,Picea_glauca,-113.0866587
SSE,dry,Abies_lasiocarpa,298.4965,63.9395,sand,Middle,35.21483924,0.100178891,31.6870557,5,303.95,297.290105,7.94,2.850503445,9.640670159,1.5,59.473314,Abies_lasiocarpa,-112.9285419
S,wet,Betula_papyrifera,30.4327,25.8745,sandy loam,Level,185.9,0.232662138,142.6481086,5.822289157,185.9,142.6481086,5.14,7.921103001,7.192257786,0.5,59.47345,Betula_papyrifera,-113.6724018
SSE,wet,Picea_glauca,39.6195,25.8943,sand,Middle,42.65,0.296268495,30.01414869,3.5,375.34,341.1617219,5.21,23.92676926,11.00409844,1,59.475521,Picea_glauca,-112.5252484
NW,dry,Betula_papyrifera,320.5581,46.0235,sandy loam,Middle,18.56,0.031499013,17.97537832,3.5,291.54,309.8131086,7.45,2.865058661,-2.152310838,1,59.473284,Betula_papyrifera,-113.088743
NW,dry,Betula_papyrifera,346.8191,75.3435,sandy loam,Middle,218.3969402,0.061181435,205.035102,4.5,262.83,244.0138042,3.86,0.992093503,0,0,59.473184,Betula_papyrifera,-112.7910949
NW,dry,Picea_glauca,346.8191,75.3435,sandy loam,Middle,44.43305985,0.122754491,38.9787022,5.5,262.83,244.0138042,7.65,29.27008247,33.4429954,1.8,59.472604,Picea_glauca,-113.6614476
ESE,dry,Pinus_contorta,30.3138,27.6491,sandy loam,Middle,116.06,0.304609218,80.70705411,7,230.63,175.2273041,4.57,18.86455154,4.484525591,1,59.472018,Pinus_contorta,-113.066145
ESE,wet,Abies_lasiocarpa,28.6393,24.9915,sandy loam,Middle,133.69,0.324097057,90.36146444,5.822289157,133.69,90.36146444,5.12,22.2735424,17.77,1,59.480146,Abies_lasiocarpa,-112.5123848
SSE,dry,Betula_papyrifera,298.4965,63.9395,sand,Middle,35.21483924,0.100178891,31.6870557,5,303.95,297.290105,7.94,2.850503445,9.640670159,1.5,59.472902,Betula_papyrifera,-113.3074539
NW,wet,Abies_lasiocarpa,34.0204,26.1759,sandy loam,Middle,264.9,0.043620502,253.3449291,5.5,309.43,296.6621073,3.87,2.373041391,0,0,59.472881,Abies_lasiocarpa,-113.0682431
NW,wet,Abies_lasiocarpa,26.1778,27.8796,sandy loam,Middle,179.16,0.067528736,167.0615517,4.5,229.78,199.9626877,3.53,1.555209637,0,0,59.472784,Abies_lasiocarpa,-113.6537999
NW,wet,Pinus_contorta,34.0204,26.1759,sandy loam,Middle,264.9,0.043620502,253.3449291,5.5,309.43,296.6621073,3.87,2.373041391,0,0,59.472671,Pinus_contorta,-113.132615
NW,wet,Pinus_contorta,26.1778,27.8796,sandy loam,Middle,50.62,0.350036823,32.90113602,5.5,229.78,199.9626877,3.76,40.36032867,10.66071319,1.2,59.472564,Pinus_contorta,-112.8338213
NW,dry,Betula_papyrifera,346.8191,75.3435,sandy loam,Middle,218.3969402,0.061181435,205.035102,4.5,262.83,244.0138042,3.86,0.992093503,0,0,59.471973,Betula_papyrifera,-112.7987112
West,dry,Picea_glauca,131.0088,42.6562,clay loam,Upper,15.69980651,0.080751174,14.4320287,4,364.69,355.6737721,7.25,26.2627449,9.264482407,1.5,59.491889,Picea_glauca,-113.4062003
West,dry,Populus_tremuloides,131.0088,42.6562,clay loam,Upper,15.69980651,0.080751174,14.4320287,4,364.69,355.6737721,7.25,26.2627449,9.264482407,1.5,59.481124,Populus_tremuloides,-112.921344
NW,dry,Pinus_contorta,346.8191,75.3435,sandy loam,Middle,44.43305985,0.122754491,38.9787022,5.5,262.83,244.0138042,7.65,29.27008247,33.4429954,1.8,59.495687,Pinus_contorta,-112.6241498
NW,wet,Populus_tremuloides,34.0204,26.1759,sandy loam,Middle,264.9,0.043620502,253.3449291,5.5,309.43,296.6621073,3.87,2.373041391,0,0,59.480854,Populus_tremuloides,-113.1211098
SSE,dry,Betula_papyrifera,298.4965,63.9395,sand,Middle,268.7351608,0.011655012,265.6030493,5,303.95,297.290105,5.41,0.843660414,3.613228139,0,59.491979,Betula_papyrifera,-112.736587
West,dry,Abies_lasiocarpa,131.0088,42.6562,clay loam,Upper,348.9901935,0.022202487,341.2417434,6,364.69,355.6737721,4.31,1.025709271,1.276312195,0,60.007984,Abies_lasiocarpa,-112.645493
SSE,dry,Abies_lasiocarpa,298.4965,63.9395,sand,Middle,268.7351608,0.011655012,265.6030493,5,303.95,297.290105,5.41,0.843660414,3.613228139,0,59.471974,Abies_lasiocarpa,-112.8254281
